{"cameraMode":{"drawMode":0,"name":"Shaded","section":"Shading Mode"},"sceneLighting":false,"audioPlay":false,"sceneViewState":{"m_AlwaysRefresh":false,"showFog":true,"showSkybox":false,"showFlares":true,"showImageEffects":true,"showParticleSystems":true,"showVisualEffectGraphs":true,"m_FxEnabled":true},"in2DMode":false,"pivot":{"x":0.042733848094940189,"y":1.2109673023223878,"z":0.9503727555274963},"rotation":{"x":-0.019496416673064233,"y":0.016792720183730127,"z":0.0003292216861154884,"w":0.9996731877326965},"size":1.832116961479187,"orthographic":false}