{"cameraMode":{"drawMode":0,"name":"Shaded","section":"Shading Mode"},"sceneLighting":false,"audioPlay":false,"sceneViewState":{"m_AlwaysRefresh":false,"showFog":true,"showSkybox":false,"showFlares":true,"showImageEffects":true,"showParticleSystems":true,"showVisualEffectGraphs":true,"m_FxEnabled":true},"in2DMode":false,"pivot":{"x":0.0013577863574028016,"y":0.19604513049125672,"z":-0.9048730134963989},"rotation":{"x":0.10027545690536499,"y":0.03312215581536293,"z":-0.003339998656883836,"w":0.9944038987159729},"size":1.417723536491394,"orthographic":false}