{"cameraMode":{"drawMode":0,"name":"Shaded","section":"Shading Mode"},"sceneLighting":false,"audioPlay":false,"sceneViewState":{"m_AlwaysRefresh":false,"showFog":true,"showSkybox":false,"showFlares":true,"showImageEffects":true,"showParticleSystems":true,"showVisualEffectGraphs":true,"m_FxEnabled":true},"in2DMode":false,"pivot":{"x":1.7401800155639649,"y":0.13040360808372498,"z":-0.4463965892791748},"rotation":{"x":0.26086774468421938,"y":0.023453066125512124,"z":-0.0063379788771271709,"w":0.9650729298591614},"size":1.2857085466384888,"orthographic":false}