{"cameraMode":{"drawMode":0,"name":"Shaded","section":"Shading Mode"},"sceneLighting":false,"audioPlay":false,"sceneViewState":{"m_AlwaysRefresh":false,"showFog":true,"showSkybox":false,"showFlares":true,"showImageEffects":true,"showParticleSystems":true,"showVisualEffectGraphs":true,"m_FxEnabled":true},"in2DMode":false,"pivot":{"x":0.24388235807418824,"y":1.3096119165420533,"z":-2.140225648880005},"rotation":{"x":0.05064542964100838,"y":0.11389948427677155,"z":-0.005812841933220625,"w":0.9921864867210388},"size":0.7604511976242065,"orthographic":false}