{"cameraMode":{"drawMode":0,"name":"Shaded","section":"Shading Mode"},"sceneLighting":false,"audioPlay":false,"sceneViewState":{"m_AlwaysRefresh":false,"showFog":true,"showSkybox":false,"showFlares":true,"showImageEffects":true,"showParticleSystems":true,"showVisualEffectGraphs":true,"m_FxEnabled":true},"in2DMode":false,"pivot":{"x":-20.08392906188965,"y":0.4411604702472687,"z":-0.21192646026611329},"rotation":{"x":0.2983626127243042,"y":0.011735816486179829,"z":-0.003668914083391428,"w":0.9543744921684265},"size":1.3462913036346436,"orthographic":false}