{"cameraMode":{"drawMode":0,"name":"Shaded","section":"Shading Mode"},"sceneLighting":false,"audioPlay":false,"sceneViewState":{"m_AlwaysRefresh":false,"showFog":true,"showSkybox":false,"showFlares":true,"showImageEffects":true,"showParticleSystems":true,"showVisualEffectGraphs":true,"m_FxEnabled":true},"in2DMode":false,"pivot":{"x":1.6396454572677613,"y":0.12387281656265259,"z":-0.4454847574234009},"rotation":{"x":0.26086774468421938,"y":0.023453066125512124,"z":-0.0063379788771271709,"w":0.9650729298591614},"size":1.3462916612625123,"orthographic":false}